{"cameraMode":{"drawMode":0,"name":"Shaded","section":"Shading Mode"},"sceneLighting":true,"audioPlay":false,"sceneViewState":{"m_AlwaysRefresh":false,"showFog":true,"showSkybox":true,"showFlares":true,"showImageEffects":true,"showParticleSystems":true,"showVisualEffectGraphs":true,"m_FxEnabled":true},"in2DMode":false,"pivot":{"x":-0.15011215209960938,"y":2.7722065448760988,"z":1.2848639488220215},"rotation":{"x":-0.12393666803836823,"y":0.30238276720046999,"z":-0.039672717452049258,"w":-0.94427490234375},"size":4.569699764251709,"orthographic":true}